{"RuleTriggered": 0, "Violations": 51, "Details": {"low_gpu_utilization": 1130, "bottlenecks": {"1642271428.397423": {"GPUs": 1, "CPUs": 1}, "1642271428.897466": {"GPUs": 1, "CPUs": 1}, "1642271430.397434": {"GPUs": 1, "CPUs": 3}, "1642271430.897445": {"GPUs": 1, "CPUs": 3}, "1642271431.397435": {"GPUs": 1, "CPUs": 2}, "1642271431.897416": {"GPUs": 1, "CPUs": 3}, "1642271432.397431": {"GPUs": 1, "CPUs": 4}, "1642271432.897431": {"GPUs": 1, "CPUs": 4}, "1642271433.39744": {"GPUs": 1, "CPUs": 4}, "1642271433.897434": {"GPUs": 1, "CPUs": 4}, "1642271434.397437": {"GPUs": 1, "CPUs": 4}, "1642271450.897423": {"GPUs": 1, "CPUs": 1}, "1642271451.397489": {"GPUs": 1, "CPUs": 1}, "1642271452.897436": {"GPUs": 1, "CPUs": 2}, "1642271453.39742": {"GPUs": 1, "CPUs": 2}, "1642271453.897459": {"GPUs": 1, "CPUs": 2}, "1642271454.397425": {"GPUs": 1, "CPUs": 3}, "1642271454.89745": {"GPUs": 1, "CPUs": 2}, "1642271455.397442": {"GPUs": 1, "CPUs": 2}, "1642271455.897425": {"GPUs": 1, "CPUs": 3}, "1642271456.397433": {"GPUs": 1, "CPUs": 2}, "1642271456.897486": {"GPUs": 1, "CPUs": 2}, "1642271457.397438": {"GPUs": 1, "CPUs": 2}, "1642271457.897434": {"GPUs": 1, "CPUs": 2}, "1642271458.397581": {"GPUs": 1, "CPUs": 3}, "1642271463.897454": {"GPUs": 1, "CPUs": 1}, "1642271464.397442": {"GPUs": 1, "CPUs": 1}, "1642271464.897417": {"GPUs": 1, "CPUs": 1}, "1642271465.397779": {"GPUs": 1, "CPUs": 1}, "1642271470.397424": {"GPUs": 1, "CPUs": 1}, "1642271470.897438": {"GPUs": 1, "CPUs": 1}, "1642271471.397429": {"GPUs": 1, "CPUs": 1}, "1642271471.897461": {"GPUs": 1, "CPUs": 2}, "1642271472.39746": {"GPUs": 1, "CPUs": 1}, "1642271487.397428": {"GPUs": 1, "CPUs": 1}, "1642271487.89746": {"GPUs": 1, "CPUs": 3}, "1642271488.397426": {"GPUs": 1, "CPUs": 1}, "1642271488.897446": {"GPUs": 1, "CPUs": 1}, "1642271489.397447": {"GPUs": 1, "CPUs": 2}, "1642271489.897434": {"GPUs": 1, "CPUs": 2}, "1642271490.397465": {"GPUs": 1, "CPUs": 2}, "1642271490.898622": {"GPUs": 1, "CPUs": 2}, "1642271491.397436": {"GPUs": 1, "CPUs": 2}, "1642271491.897491": {"GPUs": 1, "CPUs": 2}, "1642271492.397398": {"GPUs": 1, "CPUs": 1}, "1642271492.89742": {"GPUs": 1, "CPUs": 2}, "1642271493.397427": {"GPUs": 1, "CPUs": 2}, "1642271493.897436": {"GPUs": 1, "CPUs": 2}, "1642271494.397441": {"GPUs": 1, "CPUs": 2}, "1642271556.397424": {"GPUs": 1, "CPUs": 1}, "1642271558.897425": {"GPUs": 1, "CPUs": 1}}}, "Datapoints": 1514, "RuleParameters": "threshold:50\nio_threshold:50\ngpu_threshold:10\npatience:1000"}