{"RuleTriggered": 0, "Violations": 0, "Details": {"step_num": {"first": 1642271568055608, "last": 1642272179790957}, "job_start": 1642271424.397847, "job_end": 1642272179.898309}, "Datapoints": 294, "RuleParameters": "threshold:20"}