{"RuleTriggered": 0, "Violations": 0, "Details": {"ratio": {"gpu_functions-dev:0": 52.60704508234677, "cpu_functions": 47.39295491765323}, "phase": {"Step:ModeKeys.TRAIN": 26.499788768511547, "others": 73.26828280894068, "Step:ModeKeys.EVAL": 0.2319284225477638}, "phase_time": {}, "CPU": {"size": 3.0852006568307333, "cat": 5.841981269425259, "_cat": 5.76626003377706, "stride": 3.171259422178866, "conv2d": 18.220274982967634, "convolution": 17.78575259204202, "_convolution": 17.06026382217765, "cudnn_convolution": 15.601975169814974, "batch_norm": 2.5887232519342525, "_batch_norm_impl_index": 2.454503759984077, "addmm": 2.4025915859524667, "to": 2.5511853895623227, "copy_": 3.4700280633526854}, "CPU_total": {"size": 659567, "cat": 1248923, "_cat": 1232735, "stride": 677965, "conv2d": 3895206, "convolution": 3802312, "_convolution": 3647214, "cudnn_convolution": 3335455, "batch_norm": 553428, "_batch_norm_impl_index": 524734, "addmm": 513636, "to": 545403, "copy_": 741837}, "GPU": {"cat": 3.0611067579830586, "_cat": 3.055974978003204, "conv2d": 20.316558768942215, "convolution": 20.303676595225667, "_convolution": 20.290649431150097, "cudnn_convolution": 20.188505920044232, "batch_norm": 3.208399388158259, "_batch_norm_impl_index": 3.195499639852735, "cudnn_batch_norm": 3.106286632583094, "copy_": 3.2733418880574248}, "GPU_total": {"cat": 696712, "_cat": 695544, "conv2d": 4624076, "convolution": 4621144, "_convolution": 4618179, "cudnn_convolution": 4594931, "batch_norm": 730236, "_batch_norm_impl_index": 727300, "cudnn_batch_norm": 706995, "copy_": 745017}, "general": {"Forward": 100.0}}, "Datapoints": 0, "RuleParameters": ""}