{"RuleTriggered": 5, "Violations": 55, "Details": {"step_details": {"algo-1-26": {"step_stats": {"mean": 0.36697117293233084, "max": 7.81294, "p99": 7.605430550000001, "p95": 0.0446815, "p50": 0.029170500000000002, "min": 0.026834}, "number_of_outliers": 11, "phase": "Step:ModeKeys.TRAIN", "stddev": 1.53, "probs": [253, 0, 0, 0, 0, 0, 0, 0, 0, 0, 0, 0, 0, 0, 0, 0, 0, 0, 0, 0, 0, 0, 0, 0, 0, 0, 0, 0, 0, 0, 0, 0, 0, 0, 0, 0, 0, 0, 0, 0, 0, 0, 0, 0, 0, 0, 0, 0, 0, 0, 0, 0, 0, 0, 0, 0, 0, 0, 0, 0, 0, 0, 0, 0, 0, 0, 0, 0, 0, 0, 0, 0, 0, 0, 0, 0, 0, 0, 0, 0, 0, 0, 0, 0, 1, 0, 0, 0, 0, 0, 0, 0, 0, 0, 0, 0, 0, 0, 0, 1], "binedges": [0.026834, 0.06279351, 0.09875302, 0.13471253, 0.17067204, 0.20663155, 0.24259106, 0.27855057000000005, 0.31451008, 0.35046959, 0.3864291, 0.42238861000000005, 0.45834812, 0.49430763, 0.5302671400000001, 0.56622665, 0.60218616, 0.63814567, 0.67410518, 0.71006469, 0.7460242, 0.78198371, 0.8179432200000001, 0.85390273, 0.88986224, 0.92582175, 0.96178126, 0.99774077, 1.0337002800000001, 1.06965979, 1.1056193, 1.14157881, 1.17753832, 1.21349783, 1.24945734, 1.28541685, 1.32137636, 1.35733587, 1.39329538, 1.42925489, 1.4652144, 1.5011739100000001, 1.53713342, 1.57309293, 1.6090524400000001, 1.64501195, 1.68097146, 1.71693097, 1.75289048, 1.7888499900000001, 1.8248095, 1.86076901, 1.89672852, 1.93268803, 1.96864754, 2.0046070499999997, 2.0405665600000003, 2.07652607, 2.11248558, 2.14844509, 2.1844046, 2.2203641100000002, 2.25632362, 2.29228313, 2.32824264, 2.36420215, 2.40016166, 2.43612117, 2.47208068, 2.50804019, 2.5439997, 2.57995921, 2.61591872, 2.65187823, 2.68783774, 2.72379725, 2.75975676, 2.7957162700000002, 2.83167578, 2.86763529, 2.9035948, 2.93955431, 2.97551382, 3.01147333, 3.04743284, 3.08339235, 3.11935186, 3.15531137, 3.1912708800000003, 3.22723039, 3.2631899, 3.29914941, 3.33510892, 3.3710684300000002, 3.40702794, 3.44298745, 3.47894696, 3.51490647, 3.55086598, 3.58682549, 3.622785], "step_numbers": ["1", "1", "2", "3", "4", "5", "6", "7", "8", "8", "9"]}}}, "Datapoints": 294, "RuleParameters": "threshold:3\nmode:None\nn_outliers:10\nstddev:3"}